,region,year,accidents,deaths,injuries,driving_licenses,geo_point_2d,x,y,pop_females,pop_males,pop_total
0,Al-Baaha,1993,,,,3270,"20.1484058503, 41.4665484892",20.1484058503,41.4665484892,,,
1,Al-Baaha,1994,,,,2729,"20.1484058503, 41.4665484892",20.1484058503,41.4665484892,,,
2,Al-Baaha,1995,,,,2423,"20.1484058503, 41.4665484892",20.1484058503,41.4665484892,,,
3,Al-Baaha,1996,,,,1468,"20.1484058503, 41.4665484892",20.1484058503,41.4665484892,,,
4,Al-Baaha,1997,,,,3027,"20.1484058503, 41.4665484892",20.1484058503,41.4665484892,,,
5,Al-Baaha,1998,,,,5110,"20.1484058503, 41.4665484892",20.1484058503,41.4665484892,,,
6,Al-Baaha,1999,,,,4246,"20.1484058503, 41.4665484892",20.1484058503,41.4665484892,,,
7,Al-Baaha,2000,,,,4832,"20.1484058503, 41.4665484892",20.1484058503,41.4665484892,,,
8,Al-Baaha,2001,,,,7594,"20.1484058503, 41.4665484892",20.1484058503,41.4665484892,,,
9,Al-Baaha,2002,,,,3335,"20.1484058503, 41.4665484892",20.1484058503,41.4665484892,,,
10,Al-Baaha,2003,,,,3616,"20.1484058503, 41.4665484892",20.1484058503,41.4665484892,,,
11,Al-Baaha,2004,,,,3410,"20.1484058503, 41.4665484892",20.1484058503,41.4665484892,,,
12,Al-Baaha,2005,,,,2698,"20.1484058503, 41.4665484892",20.1484058503,41.4665484892,,,
13,Al-Baaha,2006,,,,3593,"20.1484058503, 41.4665484892",20.1484058503,41.4665484892,,,
14,Al-Baaha,2007,,,,997,"20.1484058503, 41.4665484892",20.1484058503,41.4665484892,,,
15,Al-Baaha,2008,,,,5418,"20.1484058503, 41.4665484892",20.1484058503,41.4665484892,,,
16,Al-Baaha,2009,,,,9815,"20.1484058503, 41.4665484892",20.1484058503,41.4665484892,,,
17,Al-Baaha,2010,,,,7076,"20.1484058503, 41.4665484892",20.1484058503,41.4665484892,,,
18,Al-Baaha,2011,,,,6450,"20.1484058503, 41.4665484892",20.1484058503,41.4665484892,,,
19,Al-Baaha,2012,,,,7593,"20.1484058503, 41.4665484892",20.1484058503,41.4665484892,,,
20,Al-Baaha,2013,,,,7482,"20.1484058503, 41.4665484892",20.1484058503,41.4665484892,,,
21,Al-Baaha,2014,,,,7268,"20.1484058503, 41.4665484892",20.1484058503,41.4665484892,,,
22,Al-Baaha,2015,,,,4856,"20.1484058503, 41.4665484892",20.1484058503,41.4665484892,,,
23,Al-Baaha,2016,3618.0,185.0,1227.0,4614,"20.1484058503, 41.4665484892",20.1484058503,41.4665484892,217659.0,249287.0,466946.0
24,Al-Baaha,2017,1414.0,134.0,1007.0,4131,"20.1484058503, 41.4665484892",20.1484058503,41.4665484892,222088.0,255017.0,477105.0
25,Al-Baaha,2018,1764.0,111.0,935.0,2575,"20.1484058503,41.4665484892",20.1484058503,41.4665484892,226304.0,260804.0,487108.0
26,Al-Jouf,1993,,,,2884,"29.9677445762, 39.5570371172",29.9677445762,39.5570371172,,,
27,Al-Jouf,1994,,,,2535,"29.9677445762, 39.5570371172",29.9677445762,39.5570371172,,,
28,Al-Jouf,1995,,,,2270,"29.9677445762, 39.5570371172",29.9677445762,39.5570371172,,,
29,Al-Jouf,1996,,,,2518,"29.9677445762, 39.5570371172",29.9677445762,39.5570371172,,,
30,Al-Jouf,1997,,,,3565,"29.9677445762, 39.5570371172",29.9677445762,39.5570371172,,,
31,Al-Jouf,1998,,,,3476,"29.9677445762, 39.5570371172",29.9677445762,39.5570371172,,,
32,Al-Jouf,1999,,,,3950,"29.9677445762, 39.5570371172",29.9677445762,39.5570371172,,,
33,Al-Jouf,2000,,,,4666,"29.9677445762, 39.5570371172",29.9677445762,39.5570371172,,,
34,Al-Jouf,2001,,,,4756,"29.9677445762, 39.5570371172",29.9677445762,39.5570371172,,,
35,Al-Jouf,2002,,,,5940,"29.9677445762, 39.5570371172",29.9677445762,39.5570371172,,,
36,Al-Jouf,2003,,,,3852,"29.9677445762, 39.5570371172",29.9677445762,39.5570371172,,,
37,Al-Jouf,2004,,,,4601,"29.9677445762, 39.5570371172",29.9677445762,39.5570371172,,,
38,Al-Jouf,2005,,,,3558,"29.9677445762, 39.5570371172",29.9677445762,39.5570371172,,,
39,Al-Jouf,2006,,,,4846,"29.9677445762, 39.5570371172",29.9677445762,39.5570371172,,,
40,Al-Jouf,2007,,,,9097,"29.9677445762, 39.5570371172",29.9677445762,39.5570371172,,,
41,Al-Jouf,2008,,,,10929,"29.9677445762, 39.5570371172",29.9677445762,39.5570371172,,,
42,Al-Jouf,2009,,,,10567,"29.9677445762, 39.5570371172",29.9677445762,39.5570371172,,,
43,Al-Jouf,2010,,,,10937,"29.9677445762, 39.5570371172",29.9677445762,39.5570371172,,,
44,Al-Jouf,2011,,,,10180,"29.9677445762, 39.5570371172",29.9677445762,39.5570371172,,,
45,Al-Jouf,2012,,,,10246,"29.9677445762, 39.5570371172",29.9677445762,39.5570371172,,,
46,Al-Jouf,2013,,,,11602,"29.9677445762, 39.5570371172",29.9677445762,39.5570371172,,,
47,Al-Jouf,2014,,,,9982,"29.9677445762, 39.5570371172",29.9677445762,39.5570371172,,,
48,Al-Jouf,2015,,,,10233,"29.9677445762, 39.5570371172",29.9677445762,39.5570371172,,,
49,Al-Jouf,2016,10212.0,245.0,920.0,9371,"29.9677445762, 39.5570371172",29.9677445762,39.5570371172,214854.0,283227.0,498081.0
50,Al-Jouf,2017,10469.0,240.0,862.0,8091,"29.9677445762, 39.5570371172",29.9677445762,39.5570371172,219441.0,290063.0,509504.0
51,Al-Jouf,2018,7355.0,157.0,618.0,6834,"29.9677445762,39.5570371172",29.9677445762,39.5570371172,223749.0,296988.0,520737.0
52,Asir,1993,,,,6226,"19.1387847401, 42.941470036",19.1387847401,42.941470036,,,
53,Asir,1994,,,,5185,"19.1387847401, 42.941470036",19.1387847401,42.941470036,,,
54,Asir,1995,,,,4889,"19.1387847401, 42.941470036",19.1387847401,42.941470036,,,
55,Asir,1996,,,,3319,"19.1387847401, 42.941470036",19.1387847401,42.941470036,,,
56,Asir,1997,,,,12204,"19.1387847401, 42.941470036",19.1387847401,42.941470036,,,
57,Asir,1998,,,,13220,"19.1387847401, 42.941470036",19.1387847401,42.941470036,,,
58,Asir,1999,,,,14625,"19.1387847401, 42.941470036",19.1387847401,42.941470036,,,
59,Asir,2000,,,,18622,"19.1387847401, 42.941470036",19.1387847401,42.941470036,,,
60,Asir,2001,,,,20321,"19.1387847401, 42.941470036",19.1387847401,42.941470036,,,
61,Asir,2002,,,,20417,"19.1387847401, 42.941470036",19.1387847401,42.941470036,,,
62,Asir,2003,,,,15693,"19.1387847401, 42.941470036",19.1387847401,42.941470036,,,
63,Asir,2004,,,,17947,"19.1387847401, 42.941470036",19.1387847401,42.941470036,,,
64,Asir,2005,,,,18565,"19.1387847401, 42.941470036",19.1387847401,42.941470036,,,
65,Asir,2006,,,,20330,"19.1387847401, 42.941470036",19.1387847401,42.941470036,,,
66,Asir,2007,,,,10835,"19.1387847401, 42.941470036",19.1387847401,42.941470036,,,
67,Asir,2008,,,,18800,"19.1387847401, 42.941470036",19.1387847401,42.941470036,,,
68,Asir,2009,,,,21582,"19.1387847401, 42.941470036",19.1387847401,42.941470036,,,
69,Asir,2010,,,,21835,"19.1387847401, 42.941470036",19.1387847401,42.941470036,,,
70,Asir,2011,,,,24515,"19.1387847401, 42.941470036",19.1387847401,42.941470036,,,
71,Asir,2012,,,,23136,"19.1387847401, 42.941470036",19.1387847401,42.941470036,,,
72,Asir,2013,,,,29730,"19.1387847401, 42.941470036",19.1387847401,42.941470036,,,
73,Asir,2014,,,,29552,"19.1387847401, 42.941470036",19.1387847401,42.941470036,,,
74,Asir,2015,,,,38567,"19.1387847401, 42.941470036",19.1387847401,42.941470036,,,
75,Asir,2016,32684.0,983.0,2541.0,41367,"19.1387847401, 42.941470036",19.1387847401,42.941470036,982523.0,1184460.0,2166983.0
76,Asir,2017,25245.0,828.0,2368.0,39133,"19.1387847401, 42.941470036",19.1387847401,42.941470036,1002829.0,1211907.0,2214736.0
77,Asir,2018,25964.0,696.0,2192.0,22362,"19.1387847401,42.941470036",19.1387847401,42.941470036,1022027.0,1239591.0,2261618.0
78,Eastern Region,1993,,,,9964,"23.2883307307, 50.1478302439",23.2883307307,50.1478302439,,,
79,Eastern Region,1994,,,,10918,"23.2883307307, 50.1478302439",23.2883307307,50.1478302439,,,
80,Eastern Region,1995,,,,7831,"23.2883307307, 50.1478302439",23.2883307307,50.1478302439,,,
81,Eastern Region,1996,,,,8461,"23.2883307307, 50.1478302439",23.2883307307,50.1478302439,,,
82,Eastern Region,1997,,,,58814,"23.2883307307, 50.1478302439",23.2883307307,50.1478302439,,,
83,Eastern Region,1998,,,,70650,"23.2883307307, 50.1478302439",23.2883307307,50.1478302439,,,
84,Eastern Region,1999,,,,64973,"23.2883307307, 50.1478302439",23.2883307307,50.1478302439,,,
85,Eastern Region,2000,,,,65767,"23.2883307307, 50.1478302439",23.2883307307,50.1478302439,,,
86,Eastern Region,2001,,,,74119,"23.2883307307, 50.1478302439",23.2883307307,50.1478302439,,,
87,Eastern Region,2002,,,,85035,"23.2883307307, 50.1478302439",23.2883307307,50.1478302439,,,
88,Eastern Region,2003,,,,82697,"23.2883307307, 50.1478302439",23.2883307307,50.1478302439,,,
89,Eastern Region,2004,,,,84984,"23.2883307307, 50.1478302439",23.2883307307,50.1478302439,,,
90,Eastern Region,2005,,,,82505,"23.2883307307, 50.1478302439",23.2883307307,50.1478302439,,,
91,Eastern Region,2006,,,,79517,"23.2883307307, 50.1478302439",23.2883307307,50.1478302439,,,
92,Eastern Region,2007,,,,106511,"23.2883307307, 50.1478302439",23.2883307307,50.1478302439,,,
93,Eastern Region,2008,,,,104626,"23.2883307307, 50.1478302439",23.2883307307,50.1478302439,,,
94,Eastern Region,2009,,,,108544,"23.2883307307, 50.1478302439",23.2883307307,50.1478302439,,,
95,Eastern Region,2010,,,,110295,"23.2883307307, 50.1478302439",23.2883307307,50.1478302439,,,
96,Eastern Region,2011,,,,151087,"23.2883307307, 50.1478302439",23.2883307307,50.1478302439,,,
97,Eastern Region,2012,,,,129971,"23.2883307307, 50.1478302439",23.2883307307,50.1478302439,,,
98,Eastern Region,2013,,,,123325,"23.2883307307, 50.1478302439",23.2883307307,50.1478302439,,,
99,Eastern Region,2014,,,,121774,"23.2883307307, 50.1478302439",23.2883307307,50.1478302439,,,
100,Eastern Region,2015,,,,135752,"23.2883307307, 50.1478302439",23.2883307307,50.1478302439,,,
101,Eastern Region,2016,101619.0,1113.0,4893.0,142307,"23.2883307307, 50.1478302439",23.2883307307,50.1478302439,1916573.0,2870802.0,4787375.0
102,Eastern Region,2017,81433.0,963.0,4073.0,126816,"23.2883307307, 50.1478302439",23.2883307307,50.1478302439,1962114.0,2947271.0,4909385.0
103,Eastern Region,2018,45077.0,661.0,2969.0,131639,"23.2883307307,50.1478302439",23.2883307307,50.1478302439,2003767.0,3024986.0,5028753.0
104,Hail,1993,,,,10484,"27.400845724, 41.4406960508",27.400845724,41.4406960508,,,
105,Hail,1994,,,,11131,"27.400845724, 41.4406960508",27.400845724,41.4406960508,,,
106,Hail,1995,,,,9735,"27.400845724, 41.4406960508",27.400845724,41.4406960508,,,
107,Hail,1996,,,,10267,"27.400845724, 41.4406960508",27.400845724,41.4406960508,,,
108,Hail,1997,,,,6606,"27.400845724, 41.4406960508",27.400845724,41.4406960508,,,
109,Hail,1998,,,,4708,"27.400845724, 41.4406960508",27.400845724,41.4406960508,,,
110,Hail,1999,,,,3139,"27.400845724, 41.4406960508",27.400845724,41.4406960508,,,
111,Hail,2000,,,,3215,"27.400845724, 41.4406960508",27.400845724,41.4406960508,,,
112,Hail,2001,,,,6077,"27.400845724, 41.4406960508",27.400845724,41.4406960508,,,
113,Hail,2002,,,,5070,"27.400845724, 41.4406960508",27.400845724,41.4406960508,,,
114,Hail,2003,,,,3861,"27.400845724, 41.4406960508",27.400845724,41.4406960508,,,
115,Hail,2004,,,,8656,"27.400845724, 41.4406960508",27.400845724,41.4406960508,,,
116,Hail,2005,,,,16247,"27.400845724, 41.4406960508",27.400845724,41.4406960508,,,
117,Hail,2006,,,,8166,"27.400845724, 41.4406960508",27.400845724,41.4406960508,,,
118,Hail,2007,,,,4021,"27.400845724, 41.4406960508",27.400845724,41.4406960508,,,
119,Hail,2008,,,,7413,"27.400845724, 41.4406960508",27.400845724,41.4406960508,,,
120,Hail,2009,,,,7282,"27.400845724, 41.4406960508",27.400845724,41.4406960508,,,
121,Hail,2010,,,,7637,"27.400845724, 41.4406960508",27.400845724,41.4406960508,,,
122,Hail,2011,,,,9123,"27.400845724, 41.4406960508",27.400845724,41.4406960508,,,
123,Hail,2012,,,,11082,"27.400845724, 41.4406960508",27.400845724,41.4406960508,,,
124,Hail,2013,,,,9731,"27.400845724, 41.4406960508",27.400845724,41.4406960508,,,
125,Hail,2014,,,,10417,"27.400845724, 41.4406960508",27.400845724,41.4406960508,,,
126,Hail,2015,,,,7172,"27.400845724, 41.4406960508",27.400845724,41.4406960508,,,
127,Hail,2016,10199.0,299.0,932.0,54507,"27.400845724, 41.4406960508",27.400845724,41.4406960508,307434.0,377989.0,685423.0
128,Hail,2017,9379.0,265.0,773.0,22035,"27.400845724, 41.4406960508",27.400845724,41.4406960508,313916.0,386949.0,700865.0
129,Hail,2018,6955.0,193.0,912.0,39575,"27.400845724,41.4406960508",27.400845724,41.4406960508,320013.0,396008.0,716021.0
130,Jazan,1993,,,,6009,"17.2072313962, 42.6525807422",17.2072313962,42.6525807422,,,
131,Jazan,1994,,,,3826,"17.2072313962, 42.6525807422",17.2072313962,42.6525807422,,,
132,Jazan,1995,,,,2284,"17.2072313962, 42.6525807422",17.2072313962,42.6525807422,,,
133,Jazan,1996,,,,2226,"17.2072313962, 42.6525807422",17.2072313962,42.6525807422,,,
134,Jazan,1997,,,,5695,"17.2072313962, 42.6525807422",17.2072313962,42.6525807422,,,
135,Jazan,1998,,,,2613,"17.2072313962, 42.6525807422",17.2072313962,42.6525807422,,,
136,Jazan,1999,,,,4792,"17.2072313962, 42.6525807422",17.2072313962,42.6525807422,,,
137,Jazan,2000,,,,5678,"17.2072313962, 42.6525807422",17.2072313962,42.6525807422,,,
138,Jazan,2001,,,,10631,"17.2072313962, 42.6525807422",17.2072313962,42.6525807422,,,
139,Jazan,2002,,,,5254,"17.2072313962, 42.6525807422",17.2072313962,42.6525807422,,,
140,Jazan,2003,,,,5220,"17.2072313962, 42.6525807422",17.2072313962,42.6525807422,,,
141,Jazan,2004,,,,5016,"17.2072313962, 42.6525807422",17.2072313962,42.6525807422,,,
142,Jazan,2005,,,,5502,"17.2072313962, 42.6525807422",17.2072313962,42.6525807422,,,
143,Jazan,2006,,,,7955,"17.2072313962, 42.6525807422",17.2072313962,42.6525807422,,,
144,Jazan,2007,,,,12634,"17.2072313962, 42.6525807422",17.2072313962,42.6525807422,,,
145,Jazan,2008,,,,11346,"17.2072313962, 42.6525807422",17.2072313962,42.6525807422,,,
146,Jazan,2009,,,,9437,"17.2072313962, 42.6525807422",17.2072313962,42.6525807422,,,
147,Jazan,2010,,,,12270,"17.2072313962, 42.6525807422",17.2072313962,42.6525807422,,,
148,Jazan,2011,,,,10946,"17.2072313962, 42.6525807422",17.2072313962,42.6525807422,,,
149,Jazan,2012,,,,11156,"17.2072313962, 42.6525807422",17.2072313962,42.6525807422,,,
150,Jazan,2013,,,,14175,"17.2072313962, 42.6525807422",17.2072313962,42.6525807422,,,
151,Jazan,2014,,,,15621,"17.2072313962, 42.6525807422",17.2072313962,42.6525807422,,,
152,Jazan,2015,,,,13931,"17.2072313962, 42.6525807422",17.2072313962,42.6525807422,,,
153,Jazan,2016,25873.0,514.0,2259.0,11504,"17.2072313962, 42.6525807422",17.2072313962,42.6525807422,704381.0,830786.0,1535167.0
154,Jazan,2017,22161.0,466.0,2207.0,18345,"17.2072313962, 42.6525807422",17.2072313962,42.6525807422,719958.0,849914.0,1569872.0
155,Jazan,2018,19572.0,563.0,2112.0,12265,"17.2072313962,42.6525807422",17.2072313962,42.6525807422,734453.0,869206.0,1603659.0
156,Madinah,1993,,,,4122,"24.927534539, 39.4918237173",24.927534539,39.4918237173,,,
157,Madinah,1994,,,,3767,"24.927534539, 39.4918237173",24.927534539,39.4918237173,,,
158,Madinah,1995,,,,4155,"24.927534539, 39.4918237173",24.927534539,39.4918237173,,,
159,Madinah,1996,,,,3425,"24.927534539, 39.4918237173",24.927534539,39.4918237173,,,
160,Madinah,1997,,,,10495,"24.927534539, 39.4918237173",24.927534539,39.4918237173,,,
161,Madinah,1998,,,,13020,"24.927534539, 39.4918237173",24.927534539,39.4918237173,,,
162,Madinah,1999,,,,11108,"24.927534539, 39.4918237173",24.927534539,39.4918237173,,,
163,Madinah,2000,,,,9562,"24.927534539, 39.4918237173",24.927534539,39.4918237173,,,
164,Madinah,2001,,,,13561,"24.927534539, 39.4918237173",24.927534539,39.4918237173,,,
165,Madinah,2002,,,,10494,"24.927534539, 39.4918237173",24.927534539,39.4918237173,,,
166,Madinah,2003,,,,12920,"24.927534539, 39.4918237173",24.927534539,39.4918237173,,,
167,Madinah,2004,,,,10556,"24.927534539, 39.4918237173",24.927534539,39.4918237173,,,
168,Madinah,2005,,,,10210,"24.927534539, 39.4918237173",24.927534539,39.4918237173,,,
169,Madinah,2006,,,,11204,"24.927534539, 39.4918237173",24.927534539,39.4918237173,,,
170,Madinah,2007,,,,12174,"24.927534539, 39.4918237173",24.927534539,39.4918237173,,,
171,Madinah,2008,,,,9194,"24.927534539, 39.4918237173",24.927534539,39.4918237173,,,
172,Madinah,2009,,,,11574,"24.927534539, 39.4918237173",24.927534539,39.4918237173,,,
173,Madinah,2010,,,,15045,"24.927534539, 39.4918237173",24.927534539,39.4918237173,,,
174,Madinah,2011,,,,14630,"24.927534539, 39.4918237173",24.927534539,39.4918237173,,,
175,Madinah,2012,,,,14459,"24.927534539, 39.4918237173",24.927534539,39.4918237173,,,
176,Madinah,2013,,,,28513,"24.927534539, 39.4918237173",24.927534539,39.4918237173,,,
177,Madinah,2014,,,,31447,"24.927534539, 39.4918237173",24.927534539,39.4918237173,,,
178,Madinah,2015,,,,22744,"24.927534539, 39.4918237173",24.927534539,39.4918237173,,,
179,Madinah,2016,14475.0,822.0,4184.0,24540,"24.927534539, 39.4918237173",24.927534539,39.4918237173,917105.0,1166221.0,2083326.0
180,Madinah,2017,16070.0,580.0,2917.0,36165,"24.927534539, 39.4918237173",24.927534539,39.4918237173,939849.0,1196704.0,2136553.0
181,Madinah,2018,20547.0,483.0,2666.0,23335,"24.927534539,39.4918237173",24.927534539,39.4918237173,960472.0,1227666.0,2188138.0
182,Makkah,1993,,,,65977,"21.628962766, 41.2636898334",21.628962766,41.2636898334,,,
183,Makkah,1994,,,,75349,"21.628962766, 41.2636898334",21.628962766,41.2636898334,,,
184,Makkah,1995,,,,60356,"21.628962766, 41.2636898334",21.628962766,41.2636898334,,,
185,Makkah,1996,,,,46195,"21.628962766, 41.2636898334",21.628962766,41.2636898334,,,
186,Makkah,1997,,,,76623,"21.628962766, 41.2636898334",21.628962766,41.2636898334,,,
187,Makkah,1998,,,,86082,"21.628962766, 41.2636898334",21.628962766,41.2636898334,,,
188,Makkah,1999,,,,103535,"21.628962766, 41.2636898334",21.628962766,41.2636898334,,,
189,Makkah,2000,,,,87053,"21.628962766, 41.2636898334",21.628962766,41.2636898334,,,
190,Makkah,2001,,,,85593,"21.628962766, 41.2636898334",21.628962766,41.2636898334,,,
191,Makkah,2002,,,,88593,"21.628962766, 41.2636898334",21.628962766,41.2636898334,,,
192,Makkah,2003,,,,74236,"21.628962766, 41.2636898334",21.628962766,41.2636898334,,,
193,Makkah,2004,,,,86636,"21.628962766, 41.2636898334",21.628962766,41.2636898334,,,
194,Makkah,2005,,,,65099,"21.628962766, 41.2636898334",21.628962766,41.2636898334,,,
195,Makkah,2006,,,,66967,"21.628962766, 41.2636898334",21.628962766,41.2636898334,,,
196,Makkah,2007,,,,91902,"21.628962766, 41.2636898334",21.628962766,41.2636898334,,,
197,Makkah,2008,,,,77013,"21.628962766, 41.2636898334",21.628962766,41.2636898334,,,
198,Makkah,2009,,,,112045,"21.628962766, 41.2636898334",21.628962766,41.2636898334,,,
199,Makkah,2010,,,,113531,"21.628962766, 41.2636898334",21.628962766,41.2636898334,,,
200,Makkah,2011,,,,110647,"21.628962766, 41.2636898334",21.628962766,41.2636898334,,,
201,Makkah,2012,,,,143954,"21.628962766, 41.2636898334",21.628962766,41.2636898334,,,
202,Makkah,2013,,,,131108,"21.628962766, 41.2636898334",21.628962766,41.2636898334,,,
203,Makkah,2014,,,,149234,"21.628962766, 41.2636898334",21.628962766,41.2636898334,,,
204,Makkah,2015,,,,157389,"21.628962766, 41.2636898334",21.628962766,41.2636898334,,,
205,Makkah,2016,134838.0,2243.0,12383.0,136055,"21.628962766, 41.2636898334",21.628962766,41.2636898334,3598938.0,4739383.0,8338321.0
206,Makkah,2017,145541.0,1641.0,10623.0,142487,"21.628962766, 41.2636898334",21.628962766,41.2636898334,3700931.0,4874647.0,8575578.0
207,Makkah,2018,103973.0,1301.0,9931.0,144873,"21.628962766,41.2636898334",21.628962766,41.2636898334,3790978.0,5012567.0,8803545.0
208,Najran,1993,,,,3769,"18.4511003068, 46.8688495726",18.4511003068,46.8688495726,,,
209,Najran,1994,,,,3880,"18.4511003068, 46.8688495726",18.4511003068,46.8688495726,,,
210,Najran,1995,,,,3268,"18.4511003068, 46.8688495726",18.4511003068,46.8688495726,,,
211,Najran,1996,,,,3274,"18.4511003068, 46.8688495726",18.4511003068,46.8688495726,,,
212,Najran,1997,,,,3073,"18.4511003068, 46.8688495726",18.4511003068,46.8688495726,,,
213,Najran,1998,,,,4322,"18.4511003068, 46.8688495726",18.4511003068,46.8688495726,,,
214,Najran,1999,,,,3959,"18.4511003068, 46.8688495726",18.4511003068,46.8688495726,,,
215,Najran,2000,,,,4905,"18.4511003068, 46.8688495726",18.4511003068,46.8688495726,,,
216,Najran,2001,,,,4950,"18.4511003068, 46.8688495726",18.4511003068,46.8688495726,,,
217,Najran,2002,,,,5117,"18.4511003068, 46.8688495726",18.4511003068,46.8688495726,,,
218,Najran,2003,,,,4443,"18.4511003068, 46.8688495726",18.4511003068,46.8688495726,,,
219,Najran,2004,,,,4609,"18.4511003068, 46.8688495726",18.4511003068,46.8688495726,,,
220,Najran,2005,,,,4779,"18.4511003068, 46.8688495726",18.4511003068,46.8688495726,,,
221,Najran,2006,,,,5897,"18.4511003068, 46.8688495726",18.4511003068,46.8688495726,,,
222,Najran,2007,,,,7226,"18.4511003068, 46.8688495726",18.4511003068,46.8688495726,,,
223,Najran,2008,,,,7938,"18.4511003068, 46.8688495726",18.4511003068,46.8688495726,,,
224,Najran,2009,,,,6771,"18.4511003068, 46.8688495726",18.4511003068,46.8688495726,,,
225,Najran,2010,,,,6360,"18.4511003068, 46.8688495726",18.4511003068,46.8688495726,,,
226,Najran,2011,,,,7314,"18.4511003068, 46.8688495726",18.4511003068,46.8688495726,,,
227,Najran,2012,,,,9201,"18.4511003068, 46.8688495726",18.4511003068,46.8688495726,,,
228,Najran,2013,,,,8996,"18.4511003068, 46.8688495726",18.4511003068,46.8688495726,,,
229,Najran,2014,,,,9601,"18.4511003068, 46.8688495726",18.4511003068,46.8688495726,,,
230,Najran,2015,,,,1864,"18.4511003068, 46.8688495726",18.4511003068,46.8688495726,,,
231,Najran,2016,3235.0,173.0,706.0,2153,"18.4511003068, 46.8688495726",18.4511003068,46.8688495726,254040.0,315835.0,569875.0
232,Najran,2017,3193.0,194.0,766.0,13825,"18.4511003068, 46.8688495726",18.4511003068,46.8688495726,259577.0,323350.0,582927.0
233,Najran,2018,3124.0,176.0,654.0,7431,"18.4511003068,46.8688495726",18.4511003068,46.8688495726,264752.0,330953.0,595705.0
234,Northern Boarder,1993,,,,1510,"30.197074783, 41.8171186952",30.197074783,41.8171186952,,,
235,Northern Boarder,1994,,,,1457,"30.197074783, 41.8171186952",30.197074783,41.8171186952,,,
236,Northern Boarder,1995,,,,1318,"30.197074783, 41.8171186952",30.197074783,41.8171186952,,,
237,Northern Boarder,1996,,,,1383,"30.197074783, 41.8171186952",30.197074783,41.8171186952,,,
238,Northern Boarder,1997,,,,1531,"30.197074783, 41.8171186952",30.197074783,41.8171186952,,,
239,Northern Boarder,1998,,,,2014,"30.197074783, 41.8171186952",30.197074783,41.8171186952,,,
240,Northern Boarder,1999,,,,2311,"30.197074783, 41.8171186952",30.197074783,41.8171186952,,,
241,Northern Boarder,2000,,,,2894,"30.197074783, 41.8171186952",30.197074783,41.8171186952,,,
242,Northern Boarder,2001,,,,2971,"30.197074783, 41.8171186952",30.197074783,41.8171186952,,,
243,Northern Boarder,2002,,,,2268,"30.197074783, 41.8171186952",30.197074783,41.8171186952,,,
244,Northern Boarder,2003,,,,1705,"30.197074783, 41.8171186952",30.197074783,41.8171186952,,,
245,Northern Boarder,2004,,,,1922,"30.197074783, 41.8171186952",30.197074783,41.8171186952,,,
246,Northern Boarder,2005,,,,1804,"30.197074783, 41.8171186952",30.197074783,41.8171186952,,,
247,Northern Boarder,2006,,,,2573,"30.197074783, 41.8171186952",30.197074783,41.8171186952,,,
248,Northern Boarder,2007,,,,3479,"30.197074783, 41.8171186952",30.197074783,41.8171186952,,,
249,Northern Boarder,2008,,,,3519,"30.197074783, 41.8171186952",30.197074783,41.8171186952,,,
250,Northern Boarder,2009,,,,3649,"30.197074783, 41.8171186952",30.197074783,41.8171186952,,,
251,Northern Boarder,2010,,,,3064,"30.197074783, 41.8171186952",30.197074783,41.8171186952,,,
252,Northern Boarder,2011,,,,4314,"30.197074783, 41.8171186952",30.197074783,41.8171186952,,,
253,Northern Boarder,2012,,,,3706,"30.197074783, 41.8171186952",30.197074783,41.8171186952,,,
254,Northern Boarder,2013,,,,3921,"30.197074783, 41.8171186952",30.197074783,41.8171186952,,,
255,Northern Boarder,2014,,,,5009,"30.197074783, 41.8171186952",30.197074783,41.8171186952,,,
256,Northern Boarder,2015,,,,3837,"30.197074783, 41.8171186952",30.197074783,41.8171186952,,,
257,Northern Boarder,2016,13196.0,193.0,631.0,4958,"30.197074783, 41.8171186952",30.197074783,41.8171186952,161895.0,197768.0,359663.0
258,Northern Boarder,2017,11540.0,112.0,374.0,5280,"30.197074783, 41.8171186952",30.197074783,41.8171186952,165258.0,202300.0,367558.0
259,Northern Boarder,2018,10705.0,75.0,428.0,3661,"30.197074783,41.8171186952",30.197074783,41.8171186952,168440.0,206870.0,375310.0
260,Qassim,1993,,,,73618,"26.1967063704, 43.3429998455",26.1967063704,43.3429998455,,,
261,Qassim,1994,,,,68916,"26.1967063704, 43.3429998455",26.1967063704,43.3429998455,,,
262,Qassim,1995,,,,49690,"26.1967063704, 43.3429998455",26.1967063704,43.3429998455,,,
263,Qassim,1996,,,,42693,"26.1967063704, 43.3429998455",26.1967063704,43.3429998455,,,
264,Qassim,1997,,,,10092,"26.1967063704, 43.3429998455",26.1967063704,43.3429998455,,,
265,Qassim,1998,,,,11350,"26.1967063704, 43.3429998455",26.1967063704,43.3429998455,,,
266,Qassim,1999,,,,9983,"26.1967063704, 43.3429998455",26.1967063704,43.3429998455,,,
267,Qassim,2000,,,,12226,"26.1967063704, 43.3429998455",26.1967063704,43.3429998455,,,
268,Qassim,2001,,,,14718,"26.1967063704, 43.3429998455",26.1967063704,43.3429998455,,,
269,Qassim,2002,,,,16298,"26.1967063704, 43.3429998455",26.1967063704,43.3429998455,,,
270,Qassim,2003,,,,10666,"26.1967063704, 43.3429998455",26.1967063704,43.3429998455,,,
271,Qassim,2004,,,,9390,"26.1967063704, 43.3429998455",26.1967063704,43.3429998455,,,
272,Qassim,2005,,,,10480,"26.1967063704, 43.3429998455",26.1967063704,43.3429998455,,,
273,Qassim,2006,,,,12142,"26.1967063704, 43.3429998455",26.1967063704,43.3429998455,,,
274,Qassim,2007,,,,25174,"26.1967063704, 43.3429998455",26.1967063704,43.3429998455,,,
275,Qassim,2008,,,,22236,"26.1967063704, 43.3429998455",26.1967063704,43.3429998455,,,
276,Qassim,2009,,,,27571,"26.1967063704, 43.3429998455",26.1967063704,43.3429998455,,,
277,Qassim,2010,,,,36737,"26.1967063704, 43.3429998455",26.1967063704,43.3429998455,,,
278,Qassim,2011,,,,10760,"26.1967063704, 43.3429998455",26.1967063704,43.3429998455,,,
279,Qassim,2012,,,,11421,"26.1967063704, 43.3429998455",26.1967063704,43.3429998455,,,
280,Qassim,2013,,,,17889,"26.1967063704, 43.3429998455",26.1967063704,43.3429998455,,,
281,Qassim,2014,,,,29113,"26.1967063704, 43.3429998455",26.1967063704,43.3429998455,,,
282,Qassim,2015,,,,13631,"26.1967063704, 43.3429998455",26.1967063704,43.3429998455,,,
283,Qassim,2016,25664.0,397.0,1513.0,9180,"26.1967063704, 43.3429998455",26.1967063704,43.3429998455,589000.0,800929.0,1389929.0
284,Qassim,2017,22405.0,319.0,1446.0,6318,"26.1967063704, 43.3429998455",26.1967063704,43.3429998455,602034.0,821096.0,1423130.0
285,Qassim,2018,17510.0,225.0,1269.0,4457,"26.1967063704,43.3429998455",26.1967063704,43.3429998455,614153.0,841540.0,1455693.0
286,Riyadh,1993,,,,103886,"23.0814341634, 45.5857512766",23.0814341634,45.5857512766,,,
287,Riyadh,1994,,,,110545,"23.0814341634, 45.5857512766",23.0814341634,45.5857512766,,,
288,Riyadh,1995,,,,101608,"23.0814341634, 45.5857512766",23.0814341634,45.5857512766,,,
289,Riyadh,1996,,,,110131,"23.0814341634, 45.5857512766",23.0814341634,45.5857512766,,,
290,Riyadh,1997,,,,92145,"23.0814341634, 45.5857512766",23.0814341634,45.5857512766,,,
291,Riyadh,1998,,,,114962,"23.0814341634, 45.5857512766",23.0814341634,45.5857512766,,,
292,Riyadh,1999,,,,100291,"23.0814341634, 45.5857512766",23.0814341634,45.5857512766,,,
293,Riyadh,2000,,,,45345,"23.0814341634, 45.5857512766",23.0814341634,45.5857512766,,,
294,Riyadh,2001,,,,13090,"23.0814341634, 45.5857512766",23.0814341634,45.5857512766,,,
295,Riyadh,2002,,,,25423,"23.0814341634, 45.5857512766",23.0814341634,45.5857512766,,,
296,Riyadh,2003,,,,26076,"23.0814341634, 45.5857512766",23.0814341634,45.5857512766,,,
297,Riyadh,2004,,,,23479,"23.0814341634, 45.5857512766",23.0814341634,45.5857512766,,,
298,Riyadh,2005,,,,23245,"23.0814341634, 45.5857512766",23.0814341634,45.5857512766,,,
299,Riyadh,2006,,,,36059,"23.0814341634, 45.5857512766",23.0814341634,45.5857512766,,,
300,Riyadh,2007,,,,36261,"23.0814341634, 45.5857512766",23.0814341634,45.5857512766,,,
301,Riyadh,2008,,,,36798,"23.0814341634, 45.5857512766",23.0814341634,45.5857512766,,,
302,Riyadh,2009,,,,38014,"23.0814341634, 45.5857512766",23.0814341634,45.5857512766,,,
303,Riyadh,2010,,,,31378,"23.0814341634, 45.5857512766",23.0814341634,45.5857512766,,,
304,Riyadh,2011,,,,27772,"23.0814341634, 45.5857512766",23.0814341634,45.5857512766,,,
305,Riyadh,2012,,,,23888,"23.0814341634, 45.5857512766",23.0814341634,45.5857512766,,,
306,Riyadh,2013,,,,165994,"23.0814341634, 45.5857512766",23.0814341634,45.5857512766,,,
307,Riyadh,2014,,,,194208,"23.0814341634, 45.5857512766",23.0814341634,45.5857512766,,,
308,Riyadh,2015,,,,24548,"23.0814341634, 45.5857512766",23.0814341634,45.5857512766,,,
309,Riyadh,2016,141736.0,1430.0,4207.0,242851,"23.0814341634, 45.5857512766",23.0814341634,45.5857512766,3272442.0,4742236.0,8014678.0
310,Riyadh,2017,99925.0,1399.0,4540.0,495307,"23.0814341634, 45.5857512766",23.0814341634,45.5857512766,3359343.0,4874959.0,8234302.0
311,Riyadh,2018,79884.0,1091.0,4554.0,493224,"23.0814341634,45.5857512766",23.0814341634,45.5857512766,3436880.0,5009986.0,8446866.0
312,Tabouk,1993,,,,3174,"27.90165499, 37.2598581394",27.90165499,37.2598581394,,,
313,Tabouk,1994,,,,3282,"27.90165499, 37.2598581394",27.90165499,37.2598581394,,,
314,Tabouk,1995,,,,2051,"27.90165499, 37.2598581394",27.90165499,37.2598581394,,,
315,Tabouk,1996,,,,2263,"27.90165499, 37.2598581394",27.90165499,37.2598581394,,,
316,Tabouk,1997,,,,5426,"27.90165499, 37.2598581394",27.90165499,37.2598581394,,,
317,Tabouk,1998,,,,6823,"27.90165499, 37.2598581394",27.90165499,37.2598581394,,,
318,Tabouk,1999,,,,5298,"27.90165499, 37.2598581394",27.90165499,37.2598581394,,,
319,Tabouk,2000,,,,8473,"27.90165499, 37.2598581394",27.90165499,37.2598581394,,,
320,Tabouk,2001,,,,6344,"27.90165499, 37.2598581394",27.90165499,37.2598581394,,,
321,Tabouk,2002,,,,8794,"27.90165499, 37.2598581394",27.90165499,37.2598581394,,,
322,Tabouk,2003,,,,9873,"27.90165499, 37.2598581394",27.90165499,37.2598581394,,,
323,Tabouk,2004,,,,7532,"27.90165499, 37.2598581394",27.90165499,37.2598581394,,,
324,Tabouk,2005,,,,6511,"27.90165499, 37.2598581394",27.90165499,37.2598581394,,,
325,Tabouk,2006,,,,8259,"27.90165499, 37.2598581394",27.90165499,37.2598581394,,,
326,Tabouk,2007,,,,11045,"27.90165499, 37.2598581394",27.90165499,37.2598581394,,,
327,Tabouk,2008,,,,14928,"27.90165499, 37.2598581394",27.90165499,37.2598581394,,,
328,Tabouk,2009,,,,9424,"27.90165499, 37.2598581394",27.90165499,37.2598581394,,,
329,Tabouk,2010,,,,10345,"27.90165499, 37.2598581394",27.90165499,37.2598581394,,,
330,Tabouk,2011,,,,12820,"27.90165499, 37.2598581394",27.90165499,37.2598581394,,,
331,Tabouk,2012,,,,11391,"27.90165499, 37.2598581394",27.90165499,37.2598581394,,,
332,Tabouk,2013,,,,12848,"27.90165499, 37.2598581394",27.90165499,37.2598581394,,,
333,Tabouk,2014,,,,12188,"27.90165499, 37.2598581394",27.90165499,37.2598581394,,,
334,Tabouk,2015,,,,915,"27.90165499, 37.2598581394",27.90165499,37.2598581394,,,
335,Tabouk,2016,16031.0,434.0,1724.0,13610,"27.90165499, 37.2598581394",27.90165499,37.2598581394,391017.0,500796.0,891813.0
336,Tabouk,2017,11713.0,348.0,1243.0,10232,"27.90165499, 37.2598581394",27.90165499,37.2598581394,399086.0,512245.0,911331.0
337,Tabouk,2018,10034.0,293.0,977.0,7613,"27.90165499,37.2598581394",27.90165499,37.2598581394,406716.0,523791.0,930507.0
